<?xml version="1.0" encoding="UTF-8"?>
<project-private xmlns="http://www.netbeans.org/ns/project-private/1">
    <editor-bookmarks xmlns="http://www.netbeans.org/ns/editor-bookmarks/2" lastBookmarkId="0"/>
    <open-files xmlns="http://www.netbeans.org/ns/projectui-open-files/2">
        <group>
            <file>file:/C:/Users/Student_test/Desktop/ServletJSP/web/WEB-INF/web.xml</file>
            <file>file:/C:/Users/Student_test/Desktop/ServletJSP/web/index.jsp</file>
            <file>file:/C:/Users/Student_test/Desktop/ServletJSP/src/java/paczka/NewServlet.java</file>
            <file>file:/C:/Users/Student_test/Desktop/ServletJSP/nbproject/build-impl.xml</file>
        </group>
    </open-files>
</project-private>
